{
  "colsample_bytree": 0.5,
  "learning_rate": 0.03455134341425766,
  "max_depth": 5,
  "min_child_weight": 15,
  "n_estimators": 1500,
  "reg_alpha": 4.999999999999999,
  "reg_lambda": 0.1,
  "subsample": 0.95
}