{
  "colsample_bytree": 0.5,
  "learning_rate": 0.01,
  "max_depth": 8,
  "min_child_weight": 15,
  "n_estimators": 1500,
  "reg_alpha": 0.5326999896034136,
  "reg_lambda": 4.999999999999999,
  "subsample": 0.7477798387769692
}