Feature Set,Num Features,Train R²,Test R²,Train RMSE,Test RMSE,Train MAE,Test MAE
All Features,43,0.9892940258162856,0.8539426929728842,0.26249522858505614,0.9701734009851185,0.1975242306017024,0.7329500021019295
Top 20,20,0.9400186706080295,0.8339507750200416,0.6213214701282551,1.0344420004790853,0.47976199459498653,0.7863331381476499
Top 10,10,0.9490648325130963,0.7971367980546045,0.5725549674875537,1.1433767505959407,0.43630481321428766,0.8625932540152103
Top 5,5,0.8064269935817564,0.7544220170052424,1.1161709503055892,1.2580051906534442,0.8568401264638872,0.9579492405258903
