Feature Set,Num Features,Train R²,Test R²,Train RMSE,Test RMSE,Train MAE,Test MAE
All Features,41,0.9987514173625689,0.9622212619305618,0.08985791557800547,0.4888874685016963,0.06763156845354501,0.3599880701968821
Top 20,20,0.9999875637653813,0.969078025631357,0.00896792872150365,0.44230188443395624,0.006527283642585293,0.3205783905366521
Top 10,10,0.9992511332155736,0.9530899478310272,0.0695905034599233,0.5447762172200319,0.05045595172248497,0.3991295377851608
Top 5,5,0.9484587522406895,0.8012251769545347,0.5773313732110847,1.1214137311805261,0.4379999875902917,0.8514331751299209
