Feature Set,Num Features,Train R²,Test R²,Train RMSE,Test RMSE,Train MAE,Test MAE
All Features,40,0.9815850738281467,0.8482566657681544,0.344265346155421,0.9888775792733691,0.26402242784258834,0.7474935739611273
Top 20,20,0.9680636279955369,0.8374643173797957,0.45336825446563733,1.0234392740073492,0.34876723371478485,0.7758314238331283
Top 10,10,0.9833525601204276,0.8195068066658693,0.3273271621363146,1.0784949934045749,0.24555490156074616,0.826811558572884
Top 5,5,0.7839155812409737,0.739542232935686,1.179288446595415,1.2955565535139844,0.9018424010490914,0.9846928990286239
