Feature Set,Num Features,Train R²,Test R²,Train RMSE,Test RMSE,Train MAE,Test MAE
All Features,40,0.9386521346597602,0.843825522986666,0.6283592975001244,1.0032120711578307,0.48629060969947113,0.7630513550193837
Top 20,20,0.984810681330082,0.8440873506353044,0.3126637011281748,1.002370772225498,0.2387986146546721,0.7583772345952117
Top 10,10,0.9218115149383072,0.8026122528438315,0.7093812691401641,1.1278408335558128,0.5453410907119565,0.8653632604853947
Top 5,5,0.8508626226413758,0.7561956233916322,0.9797190855621899,1.2534541939298465,0.755617046007046,0.9543726228671776
